date,gage_height_ft
2015-01-01,6.55
2015-01-02,3.88
2015-01-03,2.44
2015-01-04,3.64
2015-01-05,5.49
2015-01-06,3.09
2015-01-07,2.21
2015-01-08,1.31
2015-01-09,0.8
2015-01-10,1.03
2015-01-11,1.8
2015-01-12,3.47
2015-01-13,2.5
2015-01-14,2.51
2015-01-15,2.43
2015-01-16,2.96
2015-01-17,3.19
2015-01-18,3.18
2015-01-19,2.97
2015-01-20,3.37
2015-01-21,3.32
2015-01-22,3.16
2015-01-23,3.36
2015-01-24,3.72
2015-01-25,3.24
2015-01-26,4.27
2015-01-27,3.89
2015-01-28,3.71
2015-01-29,4.56
2015-01-30,4.71
2015-01-31,4.25
2015-02-01,4.12
2015-02-02,4.91
2015-02-03,3.52
2015-02-04,4.22
2015-02-05,5.76
2015-02-06,5.41
2015-02-07,5.32
2015-02-08,5.53
2015-02-09,5.22
2015-02-10,4.92
2015-02-11,5.33
2015-02-12,6.09
2015-02-13,5.67
2015-02-14,5.65
2015-02-15,6.04
2015-02-16,4.91
2015-02-17,3.8
2015-02-18,4.49
2015-02-19,3.64
2015-02-20,3.27
2015-02-21,3.96
2015-02-22,4.53
2015-02-23,3.21
2015-02-24,2.01
2015-02-25,2.15
2015-02-26,2.97
2015-02-27,2.09
2015-02-28,1.15
2015-03-01,1.62
2015-03-02,2.49
2015-03-03,2.26
2015-03-04,1.99
2015-03-05,1.29
2015-03-06,1.29
2015-03-07,1.78
2015-03-08,1.94
2015-03-09,3.13
2015-03-10,3.81
2015-03-11,5.68
2015-03-12,7.07
2015-03-13,8.33
2015-03-14,10.19
2015-03-15,10.7
2015-03-16,10.86
2015-03-17,11.36
2015-03-18,11.89
2015-03-19,12.52
2015-03-20,12.6
2015-03-21,12.26
2015-03-22,10.34
2015-03-23,9.44
2015-03-24,9.31
2015-03-25,9.3
2015-03-26,10.27
2015-03-27,10.8
2015-03-28,11.17
2015-03-29,10.82
2015-03-30,10.65
2015-03-31,9.63
2015-04-01,8.71
2015-04-02,8.21
2015-04-03,8.65
2015-04-04,8.91
2015-04-05,10.52
2015-04-06,9.13
2015-04-07,8.71
2015-04-08,11.05
2015-04-09,12.6
2015-04-10,16.48
2015-04-11,13.21
2015-04-12,11.29
2015-04-13,10.74
2015-04-14,10.65
2015-04-15,10.59
2015-04-16,10.5
2015-04-17,12.56
2015-04-18,13.25
2015-04-19,12.68
2015-04-20,12.48
2015-04-21,12.07
2015-04-22,12.27
2015-04-23,11.75
2015-04-24,12.4
2015-04-25,12.38
2015-04-26,12.67
2015-04-27,11.72
2015-04-28,11.47
2015-04-29,12.01
2015-04-30,12.47
2015-05-01,11.75
2015-05-02,10.86
2015-05-03,9.69
2015-05-04,8.28
2015-05-05,7.04
2015-05-06,7.41
2015-05-07,8.59
2015-05-08,8.38
2015-05-09,10.21
2015-05-10,12.31
2015-05-11,13.06
2015-05-12,13.49
2015-05-13,15.15
2015-05-14,14.2
2015-05-15,13.95
2015-05-16,14.21
2015-05-17,15.19
2015-05-18,15.87
2015-05-19,17.02
2015-05-20,20.9
2015-05-21,22.4
2015-05-22,21.77
2015-05-23,21.4
2015-05-24,20.14
2015-05-25,18.94
2015-05-26,19.46
2015-05-27,21.87
2015-05-28,23.43
2015-05-29,23.56
2015-05-30,24.79
2015-05-31,26.25
2015-06-01,26.58
2015-06-02,25.34
2015-06-03,24.23
2015-06-04,23.1
2015-06-05,22.58
2015-06-06,23.23
2015-06-07,25.37
2015-06-08,27.04
2015-06-09,28.81
2015-06-10,30.0
2015-06-11,29.63
2015-06-12,27.93
2015-06-13,25.86
2015-06-14,25.23
2015-06-15,27.82
2015-06-17,32.06
2015-06-18,33.28
2015-06-19,34.77
2015-06-20,36.3
2015-06-21,36.73
2015-06-22,36.53
2015-06-24,36.66
2015-06-26,36.12
2015-06-27,35.86
2015-06-28,36.69
2015-06-29,37.48
2015-07-01,38.11
2015-07-02,37.52
2015-07-03,37.2
2015-07-04,36.94
2015-07-05,36.32
2015-07-06,35.08
2015-07-07,33.37
2015-07-08,31.66
2015-07-09,31.67
2015-07-10,33.87
2015-07-11,35.39
2015-07-12,34.96
2015-07-13,33.87
2015-07-14,33.69
2015-07-15,33.8
2015-07-16,33.47
2015-07-17,31.98
2015-07-18,29.89
2015-07-19,28.84
2015-07-20,29.91
2015-07-21,31.61
2015-07-22,32.3
2015-07-23,32.21
2015-07-24,31.07
2015-07-25,29.36
2015-07-26,27.05
2015-07-27,26.09
2015-07-28,26.52
2015-07-29,26.61
2015-07-30,26.59
2015-07-31,26.29
2015-08-01,25.55
2015-08-02,24.93
2015-08-03,23.87
2015-08-04,23.04
2015-08-05,21.96
2015-08-06,21.6
2015-08-07,19.99
2015-08-08,18.32
2015-08-09,16.59
2015-08-10,15.97
2015-08-11,14.89
2015-08-12,15.2
2015-08-13,16.3
2015-08-14,17.68
2015-08-15,16.62
2015-08-16,14.46
2015-08-17,12.6
2015-08-18,11.28
2015-08-19,11.49
2015-08-20,11.51
2015-08-21,10.19
2015-08-22,10.27
2015-08-23,11.42
2015-08-24,11.8
2015-08-25,12.1
2015-08-26,11.58
2015-08-27,10.43
2015-08-28,9.81
2015-08-29,8.89
2015-08-30,8.94
2015-08-31,8.54
2015-09-01,8.79
2015-09-02,8.35
2015-09-03,8.17
2015-09-04,8.89
2015-09-05,9.5
2015-09-06,9.15
2015-09-07,8.82
2015-09-08,8.29
2015-09-09,8.5
2015-09-10,7.87
2015-09-11,8.43
2015-09-12,9.96
2015-09-13,11.23
2015-09-14,12.04
2015-09-15,11.35
2015-09-16,9.95
2015-09-17,9.66
2015-09-18,9.21
2015-09-19,8.78
2015-09-20,8.95
2015-09-21,10.54
2015-09-22,10.8
2015-09-23,10.57
2015-09-24,9.33
2015-09-25,8.72
2015-09-26,8.3
2015-09-27,8.02
2015-09-28,7.11
2015-09-29,6.22
2015-09-30,8.19
2015-10-01,8.79
2015-10-02,8.39
2015-10-03,7.45
2015-10-04,6.39
2015-10-05,6.02
2015-10-06,5.8
2015-10-07,5.49
2015-10-08,5.18
2015-10-09,4.24
2015-10-10,3.74
2015-10-11,3.36
2015-10-12,3.1
2015-10-13,3.28
2015-10-14,3.63
2015-10-15,3.24
2015-10-16,2.98
2015-10-17,2.44
2015-10-18,1.98
2015-10-19,1.86
2015-10-20,1.74
2015-10-21,1.86
2015-10-22,2.05
2015-10-23,2.21
2015-10-24,2.57
2015-10-25,2.43
2015-10-26,2.16
2015-10-27,1.35
2015-10-28,2.22
2015-10-29,3.04
2015-10-30,3.1
2015-10-31,3.75
2015-11-01,4.48
2015-11-02,5.01
2015-11-03,5.05
2015-11-04,5.76
2015-11-05,7.17
2015-11-06,7.29
2015-11-07,6.64
2015-11-08,6.45
2015-11-09,6.16
2015-11-10,5.83
2015-11-11,6.0
2015-11-12,6.65
2015-11-13,5.55
2015-11-14,5.12
2015-11-15,5.39
2015-11-16,5.14
2015-11-17,6.59
2015-11-18,11.25
2015-11-19,18.09
2015-11-20,18.79
2015-11-21,18.36
2015-11-22,17.93
2015-11-23,16.45
2015-11-24,15.11
2015-11-25,14.67
2015-11-26,14.48
2015-11-27,14.15
2015-11-28,16.3
2015-11-29,22.32
2015-11-30,25.62
2015-12-01,26.1
2015-12-02,26.24
2015-12-03,26.39
2015-12-04,26.05
2015-12-05,25.39
2015-12-06,24.19
2015-12-07,22.13
2015-12-08,19.98
2015-12-09,19.07
2015-12-10,18.12
2015-12-11,17.26
2015-12-12,16.42
2015-12-13,15.77
2015-12-14,15.67
2015-12-15,20.14
2015-12-16,25.05
2015-12-17,28.15
2015-12-18,29.72
2015-12-19,30.28
2015-12-20,30.18
2015-12-21,29.31
2015-12-22,27.91
2015-12-23,26.85
2015-12-24,26.93
2015-12-25,26.76
2015-12-26,26.69
2015-12-27,31.29
2015-12-28,35.43
2015-12-29,39.06
2015-12-30,41.0
2015-12-31,42.21
2016-01-01,42.44
2016-01-02,41.26
2016-01-03,38.4
2016-01-04,35.35
2016-01-05,32.9
2016-01-06,30.62
2016-01-07,28.87
2016-01-08,27.58
2016-01-09,26.59
2016-01-10,26.83
2016-01-11,27.96
2016-01-12,28.36
2016-01-13,27.57
2016-01-14,25.92
2016-01-15,23.64
2016-01-16,22.72
2016-01-17,21.95
2016-01-18,20.81
2016-01-19,18.57
2016-01-20,16.35
2016-01-21,18.0
2016-01-22,18.56
2016-01-23,16.84
2016-01-24,15.99
2016-01-25,15.3
2016-01-26,15.61
2016-01-27,15.46
2016-01-28,15.4
2016-01-29,15.47
2016-01-30,15.16
2016-01-31,14.99
2016-02-01,14.63
2016-02-02,14.09
2016-02-03,14.43
2016-02-04,15.4
2016-02-05,16.52
2016-02-06,17.5
2016-02-07,17.04
2016-02-08,15.74
2016-02-09,14.09
2016-02-10,13.51
2016-02-11,10.93
2016-02-12,11.42
2016-02-13,10.6
2016-02-14,9.39
2016-02-15,9.29
2016-02-16,8.78
2016-02-17,8.35
2016-02-18,8.85
2016-02-19,10.59
2016-02-20,10.97
2016-02-21,11.98
2016-02-22,12.01
2016-02-23,12.21
2016-02-24,14.02
2016-02-25,15.16
2016-02-26,16.15
2016-02-27,16.2
2016-02-28,15.91
2016-02-29,15.08
2016-03-01,14.02
2016-03-02,13.93
2016-03-03,14.28
2016-03-04,14.17
2016-03-05,13.84
2016-03-06,13.19
2016-03-07,12.99
2016-03-08,12.99
2016-03-09,12.68
2016-03-10,13.07
2016-03-11,12.89
2016-03-12,12.18
2016-03-13,11.98
2016-03-14,12.32
2016-03-15,12.58
2016-03-16,13.31
2016-03-17,13.81
2016-03-18,14.31
2016-03-19,15.21
2016-03-20,15.95
2016-03-21,16.63
2016-03-22,16.65
2016-03-23,16.27
2016-03-24,15.91
2016-03-25,15.6
2016-03-26,15.48
2016-03-27,15.46
2016-03-28,16.03
2016-03-29,16.72
2016-03-30,17.37
2016-03-31,18.47
2016-04-01,19.43
2016-04-02,19.73
2016-04-03,19.58
2016-04-04,19.29
2016-04-05,18.83
2016-04-06,18.34
2016-04-07,18.2
2016-04-08,17.9
2016-04-09,17.65
2016-04-10,17.56
2016-04-11,18.12
2016-04-12,18.53
2016-04-13,18.38
2016-04-14,18.3
2016-04-15,17.76
2016-04-16,17.06
2016-04-17,16.41
2016-04-18,15.53
2016-04-19,14.46
2016-04-20,13.75
2016-04-21,13.71
2016-04-22,13.13
2016-04-23,12.49
2016-04-24,11.58
2016-04-25,11.47
2016-04-26,12.94
2016-04-27,14.21
2016-04-28,14.57
2016-04-29,14.18
2016-04-30,18.78
2016-05-01,23.46
2016-05-02,23.24
2016-05-03,21.86
2016-05-04,22.62
2016-05-05,23.25
2016-05-06,23.21
2016-05-07,22.8
2016-05-08,22.11
2016-05-09,21.77
2016-05-10,21.88
2016-05-11,22.31
2016-05-12,23.53
2016-05-13,24.11
2016-05-14,24.1
2016-05-15,24.51
2016-05-16,23.98
2016-05-17,23.06
2016-05-18,22.65
2016-05-19,21.71
2016-05-20,20.46
2016-05-21,19.55
2016-05-22,19.09
2016-05-23,17.99
2016-05-24,17.21
2016-05-25,16.63
2016-05-26,16.78
2016-05-27,16.71
2016-05-28,18.43
2016-05-29,21.91
2016-05-30,24.06
2016-05-31,25.13
2016-06-01,25.4
2016-06-02,24.81
2016-06-03,23.39
2016-06-04,22.27
2016-06-05,21.32
2016-06-06,20.21
2016-06-07,19.72
2016-06-08,19.81
2016-06-09,19.45
2016-06-10,18.58
2016-06-11,17.99
2016-06-12,17.96
2016-06-13,17.86
2016-06-14,17.6
2016-06-15,17.67
2016-06-16,17.58
2016-06-17,17.66
2016-06-18,17.87
2016-06-19,18.49
2016-06-20,18.57
2016-06-21,18.19
2016-06-22,17.63
2016-06-23,17.52
2016-06-24,17.71
2016-06-25,19.38
2016-06-26,18.83
2016-06-27,17.38
2016-06-28,16.23
2016-06-29,14.99
2016-06-30,14.48
2016-07-01,14.27
2016-07-02,13.41
2016-07-03,12.43
2016-07-04,13.95
2016-07-05,18.45
2016-07-06,18.57
2016-07-07,17.72
2016-07-08,18.22
2016-07-09,18.31
2016-07-10,18.22
2016-07-11,16.32
2016-07-12,13.74
2016-07-13,12.4
2016-07-14,12.05
2016-07-15,13.2
2016-07-16,16.08
2016-07-17,15.26
2016-07-18,13.67
2016-07-19,11.91
2016-07-20,11.86
2016-07-21,13.8
2016-07-22,13.47
2016-07-23,15.34
2016-07-24,17.91
2016-07-25,18.58
2016-07-26,18.74
2016-07-27,17.98
2016-07-28,17.17
2016-07-29,16.68
2016-07-30,16.47
2016-07-31,16.05
2016-08-01,15.81
2016-08-02,15.47
2016-08-03,19.75
2016-08-04,22.53
2016-08-05,21.39
2016-08-06,20.63
2016-08-07,19.79
2016-08-08,18.42
2016-08-09,17.14
2016-08-10,14.96
2016-08-11,12.79
2016-08-12,12.05
2016-08-13,12.58
2016-08-14,13.39
2016-08-15,16.41
2016-08-16,16.12
2016-08-17,14.69
2016-08-18,14.07
2016-08-19,14.24
2016-08-20,13.54
2016-08-21,12.84
2016-08-22,12.42
2016-08-23,12.56
2016-08-24,12.5
2016-08-25,12.62
2016-08-26,12.73
2016-08-27,12.81
2016-08-28,14.6
2016-08-29,16.01
2016-08-30,19.0
2016-08-31,19.91
2016-09-01,19.07
2016-09-02,18.59
2016-09-03,19.01
2016-09-04,19.93
2016-09-05,19.63
2016-09-06,18.32
2016-09-07,16.87
2016-09-08,15.26
2016-09-09,14.83
2016-09-10,17.15
2016-09-11,22.46
2016-09-12,22.18
2016-09-13,19.4
2016-09-14,18.59
2016-09-15,17.54
2016-09-16,17.05
2016-09-17,20.41
2016-09-18,24.75
2016-09-19,23.01
2016-09-20,20.96
2016-09-21,20.14
2016-09-22,21.14
2016-09-23,20.89
2016-09-24,20.29
2016-09-25,19.95
2016-09-26,19.37
2016-09-27,18.53
2016-09-28,17.95
2016-09-29,18.63
2016-09-30,20.78
2016-10-01,20.07
2016-10-02,19.69
2016-10-03,19.76
2016-10-04,19.89
2016-10-05,20.09
2016-10-06,20.3
2016-10-07,20.4
2016-10-08,20.75
2016-10-09,21.28
2016-10-10,21.87
2016-10-11,21.71
2016-10-12,20.81
2016-10-13,20.34
2016-10-14,19.66
2016-10-15,18.65
2016-10-16,17.89
2016-10-17,16.83
2016-10-18,15.49
2016-10-19,14.61
2016-10-20,16.08
2016-10-21,15.83
2016-10-22,14.98
2016-10-23,14.22
2016-10-24,13.56
2016-10-25,12.59
2016-10-26,11.85
2016-10-27,11.75
2016-10-28,11.67
2016-10-29,11.96
2016-10-30,12.07
2016-10-31,12.1
2016-11-01,12.27
2016-11-02,12.41
2016-11-03,13.85
2016-11-04,14.21
2016-11-05,14.58
2016-11-06,14.26
2016-11-07,13.82
2016-11-08,13.58
2016-11-09,13.19
2016-11-10,12.28
2016-11-11,11.67
2016-11-12,10.59
2016-11-13,10.41
2016-11-14,9.87
2016-11-15,9.61
2016-11-16,8.92
2016-11-17,8.69
2016-11-18,8.64
2016-11-19,8.47
2016-11-20,7.16
2016-11-21,7.39
2016-11-22,7.39
2016-11-23,7.0
2016-11-24,7.06
2016-11-25,6.49
2016-11-26,6.01
2016-11-27,7.19
2016-11-28,8.01
2016-11-29,7.78
2016-11-30,7.46
2016-12-01,8.19
2016-12-02,8.8
2016-12-03,9.67
2016-12-04,10.0
2016-12-05,10.33
2016-12-06,10.52
2016-12-07,10.3
2016-12-08,10.34
2016-12-09,10.39
2016-12-10,11.13
2016-12-11,11.32
2016-12-12,11.72
2016-12-13,11.02
2016-12-14,10.51
2016-12-15,9.2
2016-12-16,4.98
2016-12-17,3.16
2016-12-18,4.05
2016-12-19,1.32
2016-12-20,1.05
2016-12-21,1.44
2016-12-22,2.4
2016-12-23,3.22
2016-12-24,3.7
2016-12-25,4.22
2016-12-26,5.55
2016-12-27,7.9
2016-12-28,8.06
2016-12-29,8.7
2016-12-30,9.71
2016-12-31,9.71
2017-01-01,10.3
2017-01-02,11.47
2017-01-03,11.85
2017-01-04,11.55
2017-01-05,10.71
2017-01-06,9.34
2017-01-07,5.53
2017-01-08,4.06
2017-01-09,4.6
2017-01-10,4.67
2017-01-11,7.28
2017-01-12,8.52
2017-01-13,6.99
2017-01-14,6.72
2017-01-15,6.19
2017-01-16,6.63
2017-01-17,7.58
2017-01-18,9.09
2017-01-19,9.74
2017-01-20,10.31
2017-01-21,11.42
2017-01-22,13.07
2017-01-23,15.19
2017-01-24,16.52
2017-01-25,15.93
2017-01-26,15.06
2017-01-27,14.76
2017-01-28,14.84
2017-01-29,15.52
2017-01-30,15.39
2017-01-31,14.88
2017-02-01,13.92
2017-02-02,12.98
2017-02-03,12.55
2017-02-04,12.38
2017-02-05,12.6
2017-02-06,12.24
2017-02-07,11.64
2017-02-08,11.75
2017-02-09,11.15
2017-02-10,10.12
2017-02-11,9.49
2017-02-12,9.43
2017-02-13,8.59
2017-02-14,7.77
2017-02-15,8.39
2017-02-16,8.68
2017-02-17,8.89
2017-02-18,9.03
2017-02-19,9.91
2017-02-20,10.42
2017-02-21,10.41
2017-02-22,9.95
2017-02-23,9.63
2017-02-24,9.93
2017-02-25,9.81
2017-02-26,10.16
2017-02-27,11.42
2017-02-28,12.12
2017-03-01,13.12
2017-03-02,13.4
2017-03-03,13.74
2017-03-04,14.3
2017-03-05,14.73
2017-03-06,15.26
2017-03-07,15.68
2017-03-08,15.86
2017-03-09,16.03
2017-03-10,16.3
2017-03-11,16.39
2017-03-12,16.25
2017-03-13,15.9
2017-03-14,15.61
2017-03-15,15.33
2017-03-16,15.0
2017-03-17,14.64
2017-03-18,14.16
2017-03-19,13.58
2017-03-20,13.16
2017-03-21,12.82
2017-03-22,12.04
2017-03-23,11.45
2017-03-24,10.67
2017-03-25,10.28
2017-03-26,9.36
2017-03-27,10.07
2017-03-28,10.76
2017-03-29,11.05
2017-03-30,12.36
2017-03-31,15.54
2017-04-01,18.19
2017-04-02,20.16
2017-04-03,21.74
2017-04-04,21.37
2017-04-05,21.2
2017-04-06,24.33
2017-04-07,26.26
2017-04-08,28.16
2017-04-09,28.77
2017-04-10,28.49
2017-04-11,27.72
2017-04-12,26.89
2017-04-13,25.7
2017-04-14,24.51
2017-04-15,23.52
2017-04-16,22.63
2017-04-17,21.66
2017-04-18,20.73
2017-04-19,20.54
2017-04-20,21.15
2017-04-21,21.66
2017-04-22,21.63
2017-04-23,21.43
2017-04-24,21.0
2017-04-25,20.75
2017-04-26,21.29
2017-04-27,22.43
2017-04-28,22.37
2017-04-29,23.49
2017-04-30,29.26
2017-05-01,34.57
2017-05-02,37.24
2017-05-03,38.91
2017-05-04,40.69
2017-05-05,41.48
2017-05-06,41.42
2017-05-07,40.38
2017-05-08,38.52
2017-05-09,35.98
2017-05-10,34.74
2017-05-12,31.71
2017-05-23,31.5
2017-05-24,31.56
2017-05-25,31.65
2017-05-26,31.16
2017-05-27,30.34
2017-05-28,29.59
2017-05-29,29.48
2017-05-30,29.16
2017-05-31,29.03
2017-06-01,28.9
2017-06-02,28.77
2017-06-03,28.66
2017-06-04,28.42
2017-06-05,28.21
2017-06-06,27.77
2017-06-07,27.36
2017-06-08,26.85
2017-06-09,26.03
2017-06-10,25.02
2017-06-11,24.03
2017-06-12,23.03
2017-06-13,21.93
2017-06-14,20.87
2017-06-15,20.25
2017-06-16,20.18
2017-06-17,19.07
2017-06-18,18.41
2017-06-19,19.53
2017-06-20,19.4
2017-06-21,19.65
2017-06-22,19.99
2017-06-23,19.31
2017-06-24,18.44
2017-06-25,17.85
2017-06-26,17.44
2017-06-27,17.03
2017-06-28,16.69
2017-06-29,16.3
2017-06-30,15.97
2017-07-01,16.11
2017-07-02,21.06
2017-07-03,23.26
2017-07-04,23.56
2017-07-05,22.42
2017-07-06,21.58
2017-07-07,20.82
2017-07-08,19.46
2017-07-09,17.84
2017-07-19,13.98
2017-07-20,12.74
2017-07-21,11.61
2017-07-22,10.85
2017-07-23,11.43
2017-07-24,11.53
2017-07-25,13.02
2017-07-26,14.73
2017-07-27,15.9
2017-07-28,16.68
2017-07-29,17.19
2017-07-30,18.02
2017-07-31,20.03
2017-08-01,18.39
2017-08-02,15.94
2017-08-03,13.42
2017-08-04,13.42
2017-08-05,12.95
2017-08-06,11.79
2017-08-07,9.55
2017-08-08,7.97
2017-08-09,12.37
2017-08-10,13.39
2017-08-11,11.44
2017-08-12,10.0
2017-08-13,9.4
2017-08-14,8.93
2017-08-15,8.89
2017-08-16,8.28
2017-08-17,7.91
2017-08-18,6.02
2017-08-19,5.54
2017-08-20,6.1
2017-08-21,7.26
2017-08-22,6.77
2017-08-23,7.0
2017-08-24,8.6
2017-08-25,15.54
2017-08-26,16.05
2017-08-27,13.93
2017-08-28,12.81
2017-08-29,11.8
2017-08-30,11.28
2017-08-31,11.22
2017-09-01,10.72
2017-09-02,10.11
2017-09-03,9.77
2017-09-04,8.77
2017-09-05,8.51
2017-09-06,8.01
2017-09-07,7.95
2017-09-08,7.94
2017-09-09,7.22
2017-09-10,6.71
2017-09-11,6.22
2017-09-12,5.57
2017-09-13,4.74
2017-09-14,3.78
2017-09-15,4.36
2017-09-16,3.23
2017-09-17,3.22
2017-09-18,3.35
2017-09-19,3.96
2017-09-20,2.92
2017-09-21,3.06
2017-09-22,2.74
2017-09-23,3.7
2017-09-24,4.19
2017-09-25,3.34
2017-09-26,4.15
2017-09-27,2.71
2017-09-28,2.79
2017-09-29,3.57
2017-09-30,2.92
2017-10-01,2.37
2017-10-02,2.68
2017-10-03,3.12
2017-10-04,3.94
2017-10-05,4.11
2017-10-06,5.03
2017-10-07,5.66
2017-10-08,4.9
2017-10-09,4.63
2017-10-10,6.12
2017-10-11,8.76
2017-10-12,12.89
2017-10-13,13.47
2017-10-14,12.79
2017-10-15,12.54
2017-10-16,14.05
2017-10-17,15.16
2017-10-18,15.86
2017-10-19,15.71
2017-10-20,15.45
2017-10-21,15.04
2017-10-22,14.46
2017-10-23,14.32
2017-10-24,13.97
2017-10-25,13.68
2017-10-26,14.95
2017-10-27,14.53
2017-10-28,13.5
2017-10-29,12.96
2017-10-30,13.03
2017-10-31,12.45
2017-11-01,11.63
2017-11-02,11.77
2017-11-03,11.58
2017-11-04,10.23
2017-11-05,9.81
2017-11-06,9.48
2017-11-07,8.24
2017-11-08,8.36
2017-11-09,7.89
2017-11-10,7.02
2017-11-11,7.23
2017-11-12,6.75
2017-11-13,7.14
2017-11-14,7.3
2017-11-15,6.23
2017-11-16,6.43
2017-11-17,6.7
2017-11-18,7.23
2017-11-19,7.11
2017-11-20,6.9
2017-11-21,5.98
2017-11-22,6.16
2017-11-23,6.72
2017-11-24,6.52
2017-11-25,6.68
2017-11-26,6.41
2017-11-27,6.5
2017-11-28,6.14
2017-11-29,6.21
2017-11-30,6.01
2017-12-01,5.57
2017-12-02,5.22
2017-12-03,5.03
2017-12-04,4.21
2017-12-05,4.55
2017-12-06,3.75
2017-12-07,3.47
2017-12-08,3.12
2017-12-09,3.82
2017-12-10,3.83
2017-12-11,4.02
2017-12-12,3.4
2017-12-13,2.78
2017-12-14,3.08
2017-12-15,1.81
2017-12-16,1.84
2017-12-17,1.16
2017-12-18,0.72
2017-12-19,0.61
2017-12-20,1.17
2017-12-21,1.58
2017-12-22,2.78
2017-12-23,2.24
2017-12-24,2.3
2017-12-25,2.34
2017-12-26,1.85
2017-12-27,0.91
2017-12-28,-1.46
2017-12-29,-1.56
2017-12-30,-1.5
2017-12-31,-1.45
2018-01-01,-1.51
2018-01-02,-1.72
2018-01-03,-1.58
2018-01-04,-1.89
2018-01-05,-1.87
2018-01-07,-1.38
2018-01-08,-0.34
2018-01-09,0.21
2018-01-10,0.13
2018-01-11,0.26
2018-01-12,0.71
2018-01-13,0.28
2018-01-14,-0.08
2018-01-16,0.34
2018-01-17,0.24
2018-01-18,0.57
2018-01-19,0.85
2018-01-20,1.42
2018-01-21,0.72
2018-01-22,0.51
2018-01-23,1.48
2018-01-24,2.17
2018-01-25,2.28
2018-01-26,2.17
2018-01-27,3.69
2018-01-28,4.89
2018-01-29,5.9
2018-01-30,5.42
2018-01-31,5.19
2018-02-01,4.72
2018-02-02,3.86
2018-02-03,3.79
2018-02-04,2.48
2018-02-05,1.54
2018-02-06,1.0
2018-02-07,0.55
2018-02-08,-0.2
2018-02-09,-0.23
2018-02-10,0.61
2018-02-11,0.48
2018-02-12,-0.63
2018-02-13,-0.72
2018-02-14,0.0
2018-02-15,1.03
2018-02-16,1.52
2018-02-17,1.2
2018-02-18,0.92
2018-02-19,0.59
2018-02-20,1.85
2018-02-21,7.36
2018-02-22,12.98
2018-02-23,15.66
2018-02-24,17.44
2018-02-25,19.03
2018-02-26,19.73
2018-02-27,19.58
2018-02-28,19.36
2018-03-01,19.44
2018-03-02,19.28
2018-03-03,18.09
2018-03-04,17.03
2018-03-05,16.53
2018-03-06,16.64
2018-03-07,17.41
2018-03-08,17.43
2018-03-09,16.9
2018-03-10,15.86
2018-03-11,15.48
2018-03-12,15.24
2018-03-13,13.94
2018-03-14,12.31
2018-03-15,11.21
2018-03-16,10.7
2018-03-17,10.24
2018-03-18,9.59
2018-03-19,8.9
2018-03-20,10.27
2018-03-21,12.01
2018-03-22,11.97
2018-03-23,11.62
2018-03-24,11.71
2018-03-25,12.99
2018-03-26,13.16
2018-03-27,15.31
2018-03-28,18.95
2018-03-29,19.91
2018-03-30,19.57
2018-03-31,19.3
2018-04-01,19.01
2018-04-02,18.32
2018-04-03,17.13
2018-04-04,16.73
2018-04-05,15.91
2018-04-06,15.78
2018-04-07,15.59
2018-04-08,15.1
2018-04-09,14.41
2018-04-10,14.11
2018-04-11,13.97
2018-04-12,12.87
2018-04-13,12.39
2018-04-14,12.77
2018-04-15,14.69
2018-04-16,13.99
2018-04-17,12.84
2018-04-18,12.27
2018-04-19,13.4
2018-04-20,13.65
2018-04-21,14.13
2018-04-22,14.44
2018-04-23,14.79
2018-04-24,14.91
2018-04-25,15.0
2018-04-26,15.25
2018-04-27,15.75
2018-04-28,15.38
2018-04-29,15.3
2018-04-30,15.21
2018-05-01,15.5
2018-05-02,15.79
2018-05-03,16.31
2018-05-04,16.57
2018-05-05,16.99
2018-05-06,17.29
2018-05-07,17.9
2018-05-08,18.97
2018-05-09,19.84
2018-05-10,20.38
2018-05-11,20.43
2018-05-12,20.43
2018-05-13,20.77
2018-05-14,20.87
2018-05-15,21.07
2018-05-16,21.29
2018-05-17,21.5
2018-05-18,21.67
2018-05-19,22.17
2018-05-20,22.1
2018-05-21,22.41
2018-05-22,22.69
2018-05-23,24.11
2018-05-24,23.87
2018-05-25,22.89
2018-05-26,21.64
2018-05-27,20.5
2018-05-28,19.63
2018-05-29,18.82
2018-05-30,18.3
2018-05-31,17.97
2018-06-01,17.61
2018-06-02,17.11
2018-06-03,16.87
2018-06-04,15.89
2018-06-05,15.0
2018-06-06,14.61
2018-06-07,14.07
2018-06-08,13.76
2018-06-09,13.73
2018-06-10,13.62
2018-06-11,13.4
2018-06-12,12.94
2018-06-13,14.28
2018-06-14,14.89
2018-06-15,15.58
2018-06-16,16.55
2018-06-17,17.2
2018-06-18,17.93
2018-06-19,17.82
2018-06-20,17.7
2018-06-21,18.05
2018-06-22,17.88
2018-06-23,17.8
2018-06-24,17.77
2018-06-25,18.69
2018-06-26,19.74
2018-06-27,20.3
2018-06-28,21.21
2018-06-29,22.64
2018-06-30,22.43
2018-07-01,22.84
2018-07-02,23.45
2018-07-03,23.7
2018-07-04,24.22
2018-07-05,24.51
2018-07-06,24.69
2018-07-07,24.88
2018-07-08,24.85
2018-07-09,24.63
2018-07-10,24.13
2018-07-11,23.4
2018-07-12,22.6
2018-07-13,21.73
2018-07-14,21.07
2018-07-15,20.88
2018-07-16,20.33
2018-07-17,19.33
2018-07-18,18.3
2018-07-19,17.63
2018-07-20,17.38
2018-07-21,17.71
2018-07-22,17.45
2018-07-23,17.1
2018-07-24,16.48
2018-07-25,16.2
2018-07-26,16.3
2018-07-27,16.17
2018-07-28,15.99
2018-07-29,15.38
2018-07-30,15.39
2018-07-31,15.13
2018-08-01,14.49
2018-08-02,13.8
2018-08-03,13.04
2018-08-04,12.64
2018-08-05,11.63
2018-08-06,11.25
2018-08-07,10.99
2018-08-08,10.96
2018-08-09,10.77
2018-08-10,10.47
2018-08-11,12.05
2018-08-12,11.98
2018-08-13,11.4
2018-08-14,10.56
2018-08-15,10.01
2018-08-16,10.0
2018-08-17,9.06
2018-08-18,8.57
2018-08-19,9.92
2018-08-20,9.94
2018-08-21,10.0
2018-08-22,8.85
2018-08-23,8.35
2018-08-24,8.61
2018-08-25,10.49
2018-08-26,12.01
2018-08-27,11.69
2018-08-28,12.21
2018-08-29,10.71
2018-08-30,13.11
2018-08-31,14.77
2018-09-01,14.54
2018-09-02,13.8
2018-09-03,13.77
2018-09-04,14.57
2018-09-05,15.81
2018-09-06,17.08
2018-09-07,19.74
2018-09-08,23.68
2018-09-09,25.45
2018-09-10,26.71
2018-09-11,26.93
2018-09-12,26.62
2018-09-13,25.9
2018-09-14,25.1
2018-09-15,24.46
2018-09-16,24.07
2018-09-17,23.78
2018-09-18,23.24
2018-09-19,22.8
2018-09-20,22.65
2018-09-21,21.73
2018-09-22,20.44
2018-09-23,19.07
2018-09-24,17.8
2018-09-25,17.27
2018-09-26,17.57
2018-09-27,17.83
2018-09-28,18.24
2018-09-29,18.65
2018-09-30,19.11
2018-10-01,19.58
2018-10-02,20.07
2018-10-03,20.45
2018-10-04,20.7
2018-10-05,20.89
2018-10-06,20.96
2018-10-07,21.16
2018-10-08,22.27
2018-10-09,23.97
2018-10-10,26.06
2018-10-11,29.08
2018-10-12,30.43
2018-10-13,31.31
2018-10-14,31.95
2018-10-15,32.4
2018-10-16,32.5
2018-10-17,32.58
2018-10-18,32.16
2018-10-19,31.39
2018-10-20,30.5
2018-10-21,29.74
2018-10-22,28.77
2018-10-23,27.91
2018-10-24,27.25
2018-10-25,26.7
2018-10-26,26.34
2018-10-27,25.95
2018-10-28,25.19
2018-10-29,24.48
2018-10-30,23.59
2018-10-31,23.38
2018-11-01,23.49
2018-11-02,23.21
2018-11-03,22.44
2018-11-04,21.72
2018-11-05,21.02
2018-11-06,20.87
2018-11-07,21.2
2018-11-08,21.32
2018-11-09,21.05
2018-11-10,20.76
2018-11-11,20.32
2018-11-12,20.14
2018-11-13,19.95
2018-11-14,19.77
2018-11-15,19.7
2018-11-16,19.83
2018-11-17,19.54
2018-11-18,19.29
2018-11-19,18.9
2018-11-20,18.72
2018-11-21,18.73
2018-11-22,18.6
2018-11-23,17.58
2018-11-24,16.93
2018-11-25,16.4
2018-11-26,16.64
2018-11-27,16.9
2018-11-28,16.84
2018-11-29,16.63
2018-11-30,16.66
2018-12-01,16.59
2018-12-02,17.62
2018-12-03,20.83
2018-12-04,22.29
2018-12-05,24.34
2018-12-06,25.44
2018-12-07,24.41
2018-12-08,22.65
2018-12-09,20.98
2018-12-10,19.56
2018-12-11,17.84
2018-12-12,16.33
2018-12-13,16.52
2018-12-14,16.1
2018-12-15,15.85
2018-12-16,15.12
2018-12-17,14.88
2018-12-18,14.61
2018-12-19,14.1
2018-12-20,14.21
2018-12-21,13.9
2018-12-22,13.3
2018-12-23,13.21
2018-12-24,12.09
2018-12-25,11.71
2018-12-26,10.73
2018-12-27,10.63
2018-12-28,11.19
2018-12-29,11.24
2018-12-30,12.7
2018-12-31,15.19
2019-01-01,23.69
2019-01-02,26.51
2019-01-03,26.09
2019-01-04,24.72
2019-01-05,23.02
2019-01-06,21.32
2019-01-07,19.53
2019-01-08,17.97
2019-01-09,17.25
2019-01-10,17.67
2019-01-11,18.54
2019-01-12,19.11
2019-01-13,19.14
2019-01-14,17.0
2019-01-15,13.85
2019-01-16,13.91
2019-01-17,15.79
2019-01-18,15.76
2019-01-19,16.72
2019-01-20,18.21
2019-01-21,17.11
2019-01-22,12.42
2019-01-23,12.83
2019-01-24,15.91
2019-01-25,15.38
2019-01-26,13.24
2019-01-27,11.97
2019-01-28,10.87
2019-01-29,9.99
2019-01-30,8.09
2019-01-31,8.91
2019-02-01,9.81
2019-02-02,10.69
2019-02-03,10.57
2019-02-04,10.39
2019-02-05,14.39
2019-02-06,16.82
2019-02-07,19.54
2019-02-08,23.6
2019-02-09,23.63
2019-02-10,21.42
2019-02-11,19.86
2019-02-12,18.5
2019-02-13,17.96
2019-02-14,18.94
2019-02-15,19.29
2019-02-16,19.11
2019-02-17,18.88
2019-02-18,18.6
2019-02-19,16.45
2019-02-20,15.68
2019-02-21,15.77
2019-02-22,14.85
2019-02-23,14.76
2019-02-24,16.2
2019-02-25,18.92
2019-02-26,21.84
2019-02-27,23.2
2019-02-28,22.94
2019-03-01,22.02
2019-03-02,20.69
2019-03-03,19.09
2019-03-04,17.11
2019-03-05,13.91
2019-03-06,10.14
2019-03-07,11.55
2019-03-08,12.42
2019-03-09,13.61
2019-03-10,17.28
2019-03-11,20.62
2019-03-12,22.25
2019-03-13,24.96
2019-03-14,27.25
2019-03-15,28.46
2019-03-16,29.38
2019-03-17,30.74
2019-03-18,31.05
2019-03-19,31.51
2019-03-20,32.0
2019-03-21,32.32
2019-03-22,32.7
2019-03-23,32.98
2019-03-24,33.26
2019-03-25,33.68
2019-03-26,34.03
2019-03-27,34.59
2019-03-28,34.92
2019-03-29,35.33
2019-03-30,36.01
2019-03-31,37.15
2019-04-01,37.65
2019-04-02,38.22
2019-04-03,38.36
2019-04-04,38.18
2019-04-05,37.9
2019-04-06,37.26
2019-04-07,36.35
2019-04-08,35.61
2019-04-09,34.75
2019-04-10,34.36
2019-04-11,34.18
2019-04-12,33.92
2019-04-13,33.58
2019-04-14,33.38
2019-04-15,33.38
2019-04-16,33.38
2019-04-17,33.04
2019-04-18,33.28
2019-04-19,33.4
2019-04-20,33.37
2019-04-21,33.01
2019-04-22,32.57
2019-04-23,32.14
2019-04-24,31.9
2019-04-25,31.69
2019-04-26,31.67
2019-04-27,31.31
2019-04-28,31.09
2019-04-29,30.64
2019-04-30,30.32
2019-05-01,31.57
2019-05-02,35.12
2019-05-03,37.94
2019-05-04,40.06
2019-05-05,40.83
2019-05-06,41.23
2019-05-07,41.05
2019-05-08,40.4
2019-05-09,39.9
2019-05-10,39.43
2019-05-11,39.27
2019-05-12,39.43
2019-05-13,39.34
2019-05-14,39.03
2019-05-15,38.64
2019-05-16,38.08
2019-05-17,37.41
2019-05-18,36.68
2019-05-19,36.04
2019-05-20,35.24
2019-05-21,34.95
2019-05-22,36.16
2019-05-23,37.73
2019-05-24,39.25
2019-05-25,40.52
2019-05-26,41.39
2019-05-27,41.87
2019-05-28,42.1
2019-05-29,42.2
2019-05-30,42.4
2019-05-31,42.71
2019-06-01,43.12
2019-06-02,43.68
2019-06-03,44.24
2019-06-04,44.63
2019-06-05,44.76
2019-06-06,44.93
2019-06-07,45.56
2019-06-08,45.72
2019-06-09,45.76
2019-06-10,45.79
2019-06-11,45.34
2019-06-12,44.67
2019-06-13,44.21
2019-06-14,43.67
2019-06-15,43.25
2019-06-16,42.67
2019-06-17,42.1
2019-06-18,41.51
2019-06-19,40.9
2019-06-20,40.17
2019-06-21,39.31
2019-06-22,38.75
2019-06-23,38.73
2019-06-24,39.12
2019-06-25,39.01
2019-06-26,38.69
2019-06-27,38.57
2019-06-28,38.45
2019-06-29,38.5
2019-06-30,38.43
2019-07-01,38.09
2019-07-02,37.71
2019-07-03,37.25
2019-07-04,36.75
2019-07-05,36.07
2019-07-06,35.48
2019-07-07,34.82
2019-07-08,34.33
2019-07-09,33.84
2019-07-10,33.44
2019-07-11,33.19
2019-07-12,32.85
2019-07-13,32.45
2019-07-14,32.01
2019-07-15,31.49
2019-07-16,31.13
2019-07-17,30.72
2019-07-18,30.54
2019-07-19,30.42
2019-07-20,29.75
2019-07-21,29.02
2019-07-22,29.3
2019-07-23,28.9
2019-07-24,28.35
2019-07-25,28.17
2019-07-26,27.99
2019-07-27,27.6
2019-07-28,27.21
2019-07-29,26.78
2019-07-30,26.85
2019-07-31,26.7
2019-08-01,26.49
2019-08-02,25.96
2019-08-03,25.37
2019-08-04,24.75
2019-08-05,24.3
2019-08-06,23.33
2019-08-07,22.16
2019-08-08,21.13
2019-08-09,20.3
2019-08-10,19.77
2019-08-11,18.77
2019-08-12,19.5
2019-08-13,19.59
2019-08-14,19.05
2019-08-15,18.58
2019-08-16,17.64
2019-08-17,17.66
2019-08-18,17.85
2019-08-19,17.9
2019-08-20,17.56
2019-08-21,19.82
2019-08-22,21.01
2019-08-23,20.2
2019-08-24,20.11
2019-08-25,19.89
2019-08-26,19.05
2019-08-27,23.04
2019-08-28,21.67
2019-08-29,20.11
2019-08-30,19.74
2019-08-31,20.29
2019-09-01,20.41
2019-09-02,20.57
2019-09-03,20.51
2019-09-04,19.63
2019-09-05,19.14
2019-09-06,18.46
2019-09-07,17.64
2019-09-08,17.36
2019-09-09,17.49
2019-09-10,17.05
2019-09-11,17.07
2019-09-12,17.12
2019-09-13,16.75
2019-09-14,17.5
2019-09-15,18.21
2019-09-16,18.58
2019-09-17,19.4
2019-09-18,20.47
2019-09-19,20.57
2019-09-20,20.65
2019-09-21,21.01
2019-09-22,21.13
2019-09-23,21.0
2019-09-24,21.06
2019-09-25,22.56
2019-09-26,24.33
2019-09-27,24.7
2019-09-28,24.49
2019-09-29,24.33
2019-09-30,24.84
2019-10-01,26.32
2019-10-02,28.43
2019-10-03,29.45
2019-10-04,29.79
2019-10-05,30.06
2019-10-06,30.38
2019-10-07,30.41
2019-10-08,30.44
2019-10-09,30.86
2019-10-10,30.97
2019-10-11,31.45
2019-10-12,31.98
2019-10-13,32.05
2019-10-14,31.58
2019-10-15,30.88
2019-10-16,30.39
2019-10-17,30.08
2019-10-18,29.97
2019-10-19,29.84
2019-10-20,29.69
2019-10-21,29.63
2019-10-22,29.54
2019-10-23,29.26
2019-10-24,28.59
2019-10-25,28.02
2019-10-26,27.56
2019-10-27,27.34
2019-10-28,26.27
2019-10-29,25.45
2019-10-30,25.31
2019-10-31,26.31
2019-11-01,27.6
2019-11-02,27.83
2019-11-03,27.38
2019-11-04,27.11
2019-11-05,26.92
2019-11-06,26.48
2019-11-07,25.68
2019-11-08,25.15
2019-11-09,24.82
2019-11-10,24.58
2019-11-11,24.13
2019-11-12,23.83
2019-11-13,23.44
2019-11-14,23.44
2019-11-15,22.85
2019-11-16,22.3
2019-11-17,21.74
2019-11-18,21.26
2019-11-19,20.55
2019-11-20,19.76
2019-11-21,19.26
2019-11-22,19.23
2019-11-23,19.01
2019-11-24,18.96
2019-11-25,18.48
2019-11-26,18.79
2019-11-27,19.18
2019-11-28,18.91
2019-11-29,18.73
2019-11-30,19.99
2019-12-01,22.88
2019-12-02,23.81
2019-12-03,23.14
2019-12-04,22.2
2019-12-05,21.82
2019-12-06,21.85
2019-12-07,21.88
2019-12-08,21.44
2019-12-09,20.95
2019-12-10,20.1
2019-12-11,19.42
2019-12-12,19.06
2019-12-13,18.31
2019-12-14,17.2
2019-12-15,16.15
2019-12-16,14.68
2019-12-17,13.07
2019-12-18,12.98
2019-12-19,11.09
2019-12-20,10.87
2019-12-21,10.4
2019-12-22,10.81
2019-12-23,10.92
2019-12-24,11.17
2019-12-25,12.27
2019-12-26,12.0
2019-12-27,11.56
2019-12-28,11.6
2019-12-29,13.24
2019-12-30,15.91
2019-12-31,18.28
2020-01-01,20.4
2020-01-02,20.67
2020-01-03,20.5
2020-01-04,20.06
2020-01-05,19.35
2020-01-06,18.41
2020-01-07,17.39
2020-01-08,17.41
2020-01-09,17.29
2020-01-10,17.77
2020-01-11,21.12
2020-01-12,29.23
2020-01-13,30.41
2020-01-14,28.94
2020-01-15,27.05
2020-01-16,25.2
2020-01-17,22.83
2020-01-18,22.0
2020-01-19,24.12
2020-01-20,21.78
2020-01-21,18.79
2020-01-22,17.0
2020-01-23,15.58
2020-01-24,16.12
2020-01-25,17.24
2020-01-26,16.52
2020-01-27,16.52
2020-01-28,17.28
2020-01-29,18.17
2020-01-30,17.86
2020-01-31,18.0
2020-02-01,17.51
2020-02-02,17.51
2020-02-03,18.12
2020-02-04,19.12
2020-02-05,20.23
2020-02-06,21.3
2020-02-07,21.96
2020-02-08,21.43
2020-02-09,20.54
2020-02-10,20.32
2020-02-11,20.96
2020-02-12,20.24
2020-02-13,18.65
2020-02-14,17.36
2020-02-15,16.25
2020-02-16,14.86
2020-02-17,13.69
2020-02-18,14.78
2020-02-19,15.56
2020-02-20,15.24
2020-02-21,14.73
2020-02-22,14.19
2020-02-23,14.48
2020-02-24,14.56
2020-02-25,15.66
2020-02-26,17.63
2020-02-27,18.38
2020-02-28,18.0
2020-02-29,17.92
2020-03-01,17.2
2020-03-02,16.96
2020-03-03,16.82
2020-03-04,16.79
2020-03-05,16.35
2020-03-06,16.49
2020-03-07,16.07
2020-03-08,15.77
2020-03-09,15.36
2020-03-10,16.28
2020-03-11,19.25
2020-03-12,22.36
2020-03-13,24.3
2020-03-14,23.86
2020-03-15,22.84
2020-03-16,23.19
2020-03-17,23.67
2020-03-18,24.06
2020-03-19,24.71
2020-03-20,27.53
2020-03-21,29.68
2020-03-22,30.27
2020-03-23,30.0
2020-03-24,30.16
2020-03-25,30.2
2020-03-26,29.87
2020-03-27,29.5
2020-03-28,29.28
2020-03-29,29.53
2020-03-30,29.48
2020-03-31,29.32
2020-04-01,28.84
2020-04-02,28.42
2020-04-03,28.03
2020-04-04,27.72
2020-04-05,27.65
2020-04-06,27.46
2020-04-07,27.47
2020-04-08,27.34
2020-04-09,27.16
2020-04-10,26.84
2020-04-11,26.35
2020-04-12,25.95
2020-04-13,25.86
2020-04-14,25.51
2020-04-15,25.45
2020-04-16,25.62
2020-04-17,25.49
2020-04-18,25.37
2020-04-19,25.18
2020-04-20,25.23
2020-04-21,25.63
2020-04-22,25.76
2020-04-23,25.19
2020-04-24,24.35
2020-04-25,24.0
2020-04-26,25.75
2020-04-27,27.73
2020-04-28,28.03
2020-04-29,28.83
2020-04-30,28.83
2020-05-01,28.05
2020-05-02,26.85
2020-05-03,25.35
2020-05-04,23.93
2020-05-05,23.09
2020-05-06,22.49
2020-05-07,22.5
2020-05-08,23.11
2020-05-09,23.35
2020-05-10,22.65
2020-05-11,21.88
2020-05-12,21.29
2020-05-13,21.17
2020-05-14,20.93
2020-05-15,20.54
2020-05-16,20.45
2020-05-17,23.57
2020-05-18,27.57
2020-05-19,28.54
2020-05-20,28.32
2020-05-21,27.61
2020-05-22,27.04
2020-05-23,26.17
2020-05-24,24.79
2020-05-25,24.49
2020-05-26,24.9
2020-05-27,25.92
2020-05-28,27.85
2020-05-29,29.57
2020-05-30,30.78
2020-05-31,31.56
2020-06-01,31.83
2020-06-02,31.63
2020-06-03,30.84
2020-06-04,29.72
2020-06-05,28.98
2020-06-06,29.7
2020-06-07,29.94
2020-06-08,29.72
2020-06-09,29.19
2020-06-10,28.55
2020-06-11,29.52
2020-06-12,29.48
2020-06-13,28.58
2020-06-14,27.67
2020-06-15,26.58
2020-06-16,25.5
2020-06-17,24.43
2020-06-18,23.56
2020-06-19,23.06
2020-06-20,22.41
2020-06-21,22.36
2020-06-22,22.12
2020-06-23,22.03
2020-06-24,21.87
2020-06-25,21.32
2020-06-26,20.99
2020-06-27,20.43
2020-06-28,19.85
2020-06-29,19.32
2020-06-30,19.29
2020-07-01,21.69
2020-07-02,23.06
2020-07-03,22.94
2020-07-04,22.98
2020-07-05,23.1
2020-07-06,22.18
2020-07-07,20.34
2020-07-09,17.77
2020-07-10,16.51
2020-07-11,15.57
2020-07-12,14.77
2020-07-13,14.08
2020-07-14,13.72
2020-07-15,13.53
2020-07-16,13.56
2020-07-17,14.21
2020-07-18,14.8
2020-07-19,16.34
2020-07-20,16.98
2020-07-21,15.47
2020-07-22,14.66
2020-07-23,14.05
2020-07-24,15.24
2020-07-25,16.05
2020-07-26,14.38
2020-07-27,13.15
2020-07-28,12.55
2020-07-29,11.62
2020-07-30,12.22
2020-07-31,14.16
2020-08-01,17.47
2020-08-02,17.74
2020-08-03,19.4
2020-08-04,17.95
2020-08-05,15.62
2020-08-06,14.83
2020-08-07,14.26
2020-08-08,13.88
2020-08-09,15.05
2020-08-10,16.4
2020-08-11,13.41
2020-08-12,12.42
2020-08-13,13.28
2020-08-14,11.72
2020-08-15,10.36
2020-08-16,9.48
2020-08-17,8.96
2020-08-18,7.94
2020-08-19,8.11
2020-08-20,8.15
2020-08-21,7.54
2020-08-22,7.09
2020-08-23,6.99
2020-08-24,7.01
2020-08-25,5.97
2020-08-26,5.25
2020-08-27,5.39
2020-08-28,5.5
2020-08-29,5.48
2020-08-30,4.47
2020-08-31,4.31
2020-09-01,3.94
2020-09-02,4.55
2020-09-03,4.09
2020-09-04,4.55
2020-09-05,4.46
2020-09-06,4.44
2020-09-07,4.66
2020-09-08,4.66
2020-09-09,5.6
2020-09-10,6.36
2020-09-11,6.69
2020-09-12,6.87
2020-09-13,6.95
2020-09-14,8.81
2020-09-15,11.01
2020-09-16,9.15
2020-09-17,8.56
2020-09-18,7.78
2020-09-19,6.55
2020-09-20,4.77
2020-09-21,4.8
2020-09-22,4.42
2020-09-23,4.4
2020-09-24,3.79
2020-09-25,3.85
2020-09-26,3.15
2020-09-27,2.35
2020-09-28,1.87
2020-09-29,1.79
2020-09-30,2.99
2020-10-01,3.62
2020-10-02,2.83
2020-10-03,2.88
2020-10-04,3.01
2020-10-05,2.71
2020-10-06,2.23
2020-10-07,2.71
2020-10-08,1.69
2020-10-09,1.57
2020-10-10,2.03
2020-10-11,2.47
2020-10-12,2.38
2020-10-13,2.19
2020-10-14,1.54
2020-10-15,1.53
2020-10-16,1.49
2020-10-17,1.36
2020-10-18,1.29
2020-10-19,1.97
2020-10-20,2.78
2020-10-21,2.94
2020-10-22,2.53
2020-10-23,2.4
2020-10-24,4.0
2020-10-25,5.07
2020-10-26,5.0
2020-10-27,7.1
2020-10-28,6.12
2020-10-29,6.73
2020-10-30,6.91
2020-10-31,6.54
2020-11-01,6.14
2020-11-02,5.49
2020-11-03,5.85
2020-11-04,4.55
2020-11-05,4.22
2020-11-06,4.3
2020-11-07,4.34
2020-11-08,4.2
2020-11-09,3.53
2020-11-10,3.18
2020-11-11,4.14
2020-11-12,3.13
2020-11-13,3.95
2020-11-14,3.68
2020-11-15,5.84
2020-11-16,4.48
2020-11-17,5.49
2020-11-18,6.03
2020-11-19,7.08
2020-11-20,6.99
2020-11-21,7.02
2020-11-22,7.47
2020-11-23,6.85
2020-11-24,6.86
2020-11-25,7.95
2020-11-26,10.11
2020-11-27,9.77
2020-11-28,9.39
2020-11-29,10.03
2020-11-30,9.46
2020-12-01,7.64
2020-12-02,7.13
2020-12-03,6.49
2020-12-04,6.46
2020-12-05,4.81
2020-12-06,3.96
2020-12-07,3.85
2020-12-08,3.72
2020-12-09,2.75
2020-12-10,2.53
2020-12-11,1.04
2020-12-12,3.15
2020-12-13,2.85
2020-12-14,4.59
2020-12-15,4.9
2020-12-16,4.74
2020-12-17,4.11
2020-12-18,3.43
2020-12-19,2.71
2020-12-20,2.6
2020-12-21,1.72
2020-12-22,1.64
2020-12-23,1.27
2020-12-24,1.17
2020-12-25,0.64
2020-12-26,0.21
2020-12-27,-0.25
2020-12-28,-0.5
2020-12-29,-0.53
2020-12-30,-0.51
2020-12-31,0.79
2021-01-01,0.53
2021-01-02,1.47
2021-01-03,1.78
2021-01-04,1.52
2021-01-05,2.08
2021-01-06,2.08
2021-01-07,1.96
2021-01-08,3.02
2021-01-09,3.22
2021-01-10,3.06
2021-01-11,2.77
2021-01-12,2.35
2021-01-13,2.1
2021-01-14,2.28
2021-01-15,2.29
2021-01-16,2.68
2021-01-17,2.54
2021-01-18,2.4
2021-01-19,2.48
2021-01-20,2.08
2021-01-21,1.98
2021-01-22,2.33
2021-01-23,2.44
2021-01-24,1.44
2021-01-25,1.41
2021-01-26,2.64
2021-01-27,3.94
2021-01-28,5.28
2021-01-29,4.38
2021-01-30,4.53
2021-01-31,8.93
2021-02-01,13.33
2021-02-02,10.76
2021-02-03,9.64
2021-02-04,9.63
2021-02-05,9.27
2021-02-06,7.8
2021-02-09,3.71
2021-02-10,2.7
2021-02-11,2.93
2021-02-12,2.9
2021-02-13,2.93
2021-02-14,2.39
2021-02-15,2.33
2021-02-16,2.89
2021-02-17,3.94
2021-02-18,3.72
2021-02-19,3.48
2021-02-20,2.14
2021-02-21,0.48
2021-02-22,-0.26
2021-02-23,-0.06
2021-02-24,0.1
2021-02-25,5.88
2021-02-26,7.99
2021-02-27,8.07
2021-02-28,8.2
2021-03-01,11.24
2021-03-02,13.34
2021-03-03,12.58
2021-03-04,10.83
2021-03-05,10.34
2021-03-06,10.36
2021-03-07,10.22
2021-03-08,10.5
2021-03-09,10.27
2021-03-10,9.83
2021-03-11,11.0
2021-03-12,11.81
2021-03-13,12.67
2021-03-14,13.24
2021-03-15,15.08
2021-03-16,17.28
2021-03-17,18.77
2021-03-18,22.63
2021-03-19,29.17
2021-03-20,31.33
2021-03-21,30.86
2021-03-22,28.69
2021-03-23,25.78
2021-03-24,23.41
2021-03-25,21.57
2021-03-26,20.93
2021-03-27,21.41
2021-03-28,22.48
2021-03-29,22.94
2021-03-30,23.3
2021-03-31,23.58
2021-04-01,23.44
2021-04-02,22.08
2021-04-03,20.83
2021-04-04,20.11
2021-04-05,19.64
2021-04-06,18.99
2021-04-07,18.14
2021-04-08,18.25
2021-04-09,19.41
2021-04-10,20.6
2021-04-11,22.13
2021-04-12,26.39
2021-04-13,28.69
2021-04-14,28.8
2021-04-15,27.72
2021-04-16,25.53
2021-04-17,23.16
2021-04-18,20.63
2021-04-19,18.46
2021-04-20,17.52
2021-04-21,17.2
2021-04-22,16.83
2021-04-23,16.25
2021-04-24,15.63
2021-04-25,16.51
2021-04-26,17.21
2021-04-27,16.32
2021-04-28,15.35
2021-04-29,14.9
2021-04-30,16.59
2021-05-01,17.93
2021-05-02,16.99
2021-05-03,15.69
2021-05-04,13.51
2021-05-05,12.48
2021-05-06,12.43
2021-05-07,12.99
2021-05-08,12.3
2021-05-09,11.19
2021-05-10,10.9
2021-05-11,12.34
2021-05-12,14.84
2021-05-13,15.76
2021-05-14,14.36
2021-05-15,13.8
2021-05-16,13.06
2021-05-17,13.13
2021-05-18,15.85
2021-05-19,19.25
2021-05-20,23.39
2021-05-21,23.61
2021-05-22,21.0
2021-05-23,19.58
2021-05-24,19.48
2021-05-25,19.39
2021-05-26,18.78
2021-05-27,17.88
2021-05-28,17.78
2021-05-29,16.91
2021-05-30,17.21
2021-05-31,18.09
2021-06-01,17.96
2021-06-02,17.07
2021-06-03,16.64
2021-06-04,16.16
2021-06-05,15.33
2021-06-06,14.82
2021-06-07,14.45
2021-06-08,13.89
2021-06-09,13.02
2021-06-10,12.2
2021-06-11,10.93
2021-06-12,10.11
2021-06-13,10.13
2021-06-14,9.82
2021-06-15,9.31
2021-06-16,8.39
2021-06-17,7.86
2021-06-18,7.39
2021-06-19,6.65
2021-06-20,7.31
2021-06-21,8.41
2021-06-22,8.49
2021-06-23,9.77
2021-06-24,8.47
2021-06-26,13.01
2021-06-27,27.15
2021-06-28,29.65
2021-06-29,29.03
2021-06-30,28.41
2021-07-01,28.24
2021-07-02,29.08
2021-07-03,28.48
2021-07-04,26.2
2021-07-05,23.02
2021-07-06,19.81
2021-07-07,18.38
2021-07-08,17.16
2021-07-09,16.12
2021-07-10,15.55
2021-07-11,17.29
2021-07-12,16.86
2021-07-13,21.63
2021-07-14,23.49
2021-07-15,22.42
2021-07-16,20.45
2021-07-17,22.29
2021-07-18,23.46
2021-07-19,21.98
2021-07-20,19.57
2021-07-21,17.45
2021-07-22,15.18
2021-07-23,13.62
2021-07-24,12.99
2021-07-25,12.22
2021-07-26,10.85
2021-07-27,9.5
2021-07-28,9.82
2021-07-29,9.63
2021-07-30,9.16
2021-07-31,9.73
2021-08-01,12.77
2021-08-02,12.84
2021-08-03,11.59
2021-08-04,10.29
2021-08-05,8.77
2021-08-06,7.98
2021-08-07,7.21
2021-08-08,6.26
2021-08-09,6.15
2021-08-10,5.34
2021-08-11,4.33
2021-08-12,4.09
2021-08-13,5.86
2021-08-14,6.93
2021-08-15,8.0
2021-08-16,7.31
2021-08-17,7.13
2021-08-18,7.28
2021-08-19,6.6
2021-08-20,6.12
2021-08-21,5.53
2021-08-22,4.55
2021-08-23,3.51
2021-08-24,1.66
2021-08-25,0.69
2021-08-26,0.46
2021-08-27,2.17
2021-08-28,3.58
2021-08-29,3.16
2021-08-30,2.52
2021-08-31,3.74
2021-09-01,5.1
2021-09-02,7.67
2021-09-03,7.04
2021-09-04,8.53
2021-09-05,9.08
2021-09-06,8.35
2021-09-07,8.76
2021-09-08,9.95
2021-09-09,8.94
2021-09-10,8.13
2021-09-11,6.6
2021-09-12,3.85
2021-09-13,1.63
2021-09-14,2.12
2021-09-15,1.36
2021-09-16,2.1
2021-09-17,3.68
2021-09-18,2.05
2021-09-19,0.78
2021-09-20,0.07
2021-09-21,0.62
2021-09-22,1.51
2021-09-23,1.12
2021-09-24,1.67
2021-09-25,0.83
2021-09-26,0.09
2021-09-27,-0.7
2021-09-28,-0.74
2021-09-29,0.79
2021-09-30,0.94
2021-10-01,1.09
2021-10-02,0.55
2021-10-03,0.06
2021-10-04,0.96
2021-10-05,0.96
2021-10-06,1.02
2021-10-07,0.49
2021-10-08,0.44
2021-10-09,0.66
2021-10-10,0.85
2021-10-11,1.48
2021-10-12,2.05
2021-10-13,3.1
2021-10-14,2.95
2021-10-15,3.94
2021-10-16,4.75
2021-10-17,4.63
2021-10-18,3.94
2021-10-19,4.02
2021-10-20,2.98
2021-10-21,2.31
2021-10-22,2.03
2021-10-23,1.54
2021-10-24,1.42
2021-10-25,7.3
2021-10-26,8.56
2021-10-27,6.96
2021-10-28,7.22
2021-10-29,9.48
2021-10-30,10.3
2021-10-31,9.64
2021-11-01,10.81
2021-11-02,12.22
2021-11-03,11.54
2021-11-04,10.65
2021-11-05,9.52
2021-11-06,8.86
2021-11-07,8.3
2021-11-08,8.65
2021-11-09,7.9
2021-11-10,7.43
2021-11-11,6.91
2021-11-12,6.74
2021-11-13,7.02
2021-11-14,6.32
2021-11-15,7.89
2021-11-16,10.38
2021-11-17,9.45
2021-11-18,8.27
2021-11-19,6.84
2021-11-20,6.92
2021-11-21,6.39
2021-11-22,6.46
2021-11-23,5.93
2021-11-24,4.76
2021-11-25,4.43
2021-11-26,4.05
2021-11-27,2.79
2021-11-28,3.15
2021-11-29,2.4
2021-11-30,2.29
2021-12-01,0.71
2021-12-02,1.64
2021-12-03,1.73
2021-12-04,1.48
2021-12-05,1.17
2021-12-06,1.46
2021-12-07,1.21
2021-12-08,0.04
2021-12-09,-0.15
2021-12-10,0.06
2021-12-11,0.16
2021-12-12,-0.05
2021-12-13,-0.23
2021-12-14,0.1
2021-12-15,0.38
2021-12-16,0.5
2021-12-17,1.53
2021-12-18,2.16
2021-12-19,1.57
2021-12-20,1.0
2021-12-21,1.13
2021-12-22,1.13
2021-12-23,1.56
2021-12-24,2.42
2021-12-25,2.02
2021-12-26,1.38
2021-12-27,0.68
2021-12-28,1.01
2021-12-29,3.26
2021-12-30,3.33
2021-12-31,3.23
2022-01-01,2.78
2022-01-02,2.72
2022-01-03,2.16
2022-01-04,1.23
2022-01-05,-0.58
2022-01-06,0.6
2022-01-08,-1.51
2022-01-09,-1.35
2022-01-10,0.17
2022-01-11,-0.1
2022-01-12,-0.08
2022-01-13,-0.27
2022-01-14,0.38
2022-01-15,0.43
2022-01-16,-0.19
2022-01-17,-0.14
2022-01-18,-0.72
2022-01-19,-0.61
2022-01-20,0.66
2022-01-21,-1.63
2022-01-22,-1.59
2022-01-23,-1.36
2022-01-24,-0.84
2022-01-25,0.18
2022-01-26,-1.18
2022-01-27,-1.79
2022-01-28,-1.91
2022-01-29,-1.34
2022-01-30,-1.86
2022-01-31,-1.44
2022-02-01,-1.56
2022-02-02,-1.02
2022-02-03,-1.58
2022-02-05,-2.38
2022-02-06,-0.74
2022-02-07,0.34
2022-02-08,0.04
2022-02-09,-1.03
2022-02-10,-0.69
2022-02-11,0.33
2022-02-12,2.92
2022-02-13,5.7
2022-02-14,2.4
2022-02-15,1.42
2022-02-16,2.03
2022-02-17,2.15
2022-02-18,5.36
2022-02-19,4.26
2022-02-20,6.15
2022-02-21,8.7
2022-02-22,8.91
2022-02-23,9.97
2022-02-24,7.55
2022-02-25,6.83
2022-02-26,7.02
2022-02-27,7.26
2022-02-28,6.43
2022-03-01,5.54
2022-03-02,5.74
2022-03-03,5.44
2022-03-04,5.21
2022-03-05,6.03
2022-03-06,5.83
2022-03-07,7.14
2022-03-08,9.29
2022-03-09,9.8
2022-03-10,9.27
2022-03-11,9.81
2022-03-12,9.44
2022-03-13,8.89
2022-03-14,8.41
2022-03-15,7.04
2022-03-16,6.48
2022-03-17,6.82
2022-03-18,6.47
2022-03-19,7.38
2022-03-20,7.7
2022-03-21,7.23
2022-03-22,8.04
2022-03-23,10.57
2022-03-24,11.06
2022-03-25,13.54
2022-03-26,17.4
2022-03-27,19.2
2022-03-28,17.8
2022-03-29,16.2
2022-03-30,15.88
2022-03-31,18.46
2022-04-01,21.44
2022-04-02,21.96
2022-04-03,22.51
2022-04-04,20.65
2022-04-05,18.89
2022-04-06,18.23
2022-04-07,18.03
2022-04-08,17.82
2022-04-09,17.73
2022-04-10,17.07
2022-04-11,16.24
2022-04-12,15.61
2022-04-13,14.89
2022-04-14,15.5
2022-04-15,16.68
2022-04-16,17.62
2022-04-17,17.55
2022-04-18,16.85
2022-04-19,16.33
2022-04-20,15.99
2022-04-21,16.35
2022-04-22,18.46
2022-04-23,18.81
2022-04-24,17.78
2022-04-25,17.28
2022-04-26,17.27
2022-04-27,17.2
2022-04-28,17.58
2022-04-29,18.05
2022-04-30,18.33
2022-05-01,19.44
2022-05-02,20.24
2022-05-03,21.55
2022-05-04,23.57
2022-05-05,24.43
2022-05-06,27.91
2022-05-07,29.76
2022-05-08,29.08
2022-05-09,27.98
2022-05-10,26.95
2022-05-11,25.82
2022-05-12,24.45
2022-05-13,22.75
2022-05-14,21.73
2022-05-15,21.33
2022-05-16,20.63
2022-05-17,20.13
2022-05-18,20.02
2022-05-19,19.35
2022-05-24,20.72
2022-05-25,19.86
2022-05-26,19.22
2022-05-27,18.97
2022-05-28,19.0
2022-05-29,19.54
2022-05-30,21.12
2022-05-31,21.98
2022-06-01,21.1
2022-06-02,21.21
2022-06-03,24.69
2022-06-04,26.48
2022-06-05,25.29
2022-06-06,23.41
2022-06-07,21.58
2022-06-08,20.47
2022-06-09,19.95
2022-06-10,20.28
2022-06-11,20.7
2022-06-12,21.19
2022-06-13,20.95
2022-06-14,19.93
2022-06-15,18.93
2022-06-16,18.43
2022-06-17,17.77
2022-06-18,17.44
2022-06-19,16.85
2022-06-20,16.35
2022-06-21,15.76
2022-06-22,15.81
2022-06-23,15.91
2022-06-24,15.46
2022-06-25,14.23
2022-06-26,13.13
2022-06-27,12.18
2022-06-28,11.83
2022-06-29,12.19
2022-06-30,11.87
2022-07-01,9.9
2022-07-02,8.36
2022-07-03,7.76
2022-07-04,7.19
2022-07-05,6.45
2022-07-06,6.41
2022-07-07,6.51
2022-07-08,7.72
2022-07-12,11.07
2022-07-13,11.66
2022-07-14,11.08
2022-07-15,10.49
2022-07-16,8.93
2022-07-17,8.57
2022-07-18,8.01
2022-07-19,7.59
2022-07-20,7.57
2022-07-21,7.15
2022-07-22,6.78
2022-07-23,5.24
2022-07-24,4.26
2022-07-25,3.06
2022-07-26,6.94
2022-07-27,11.62
2022-07-28,9.33
2022-08-02,2.62
2022-08-03,2.33
2022-08-04,2.66
2022-08-05,3.21
2022-08-06,1.9
2022-08-07,2.5
2022-08-08,1.58
2022-08-09,2.12
2022-08-10,3.0
2022-08-11,4.2
2022-08-12,5.51
2022-08-13,4.71
2022-08-14,4.73
2022-08-15,3.07
2022-08-16,2.89
2022-08-17,2.36
2022-08-18,1.78
2022-08-19,2.78
2022-08-20,2.53
2022-08-21,1.24
2022-08-22,1.49
2022-08-23,2.08
2022-08-24,2.16
2022-08-25,1.77
2022-08-26,2.12
2022-08-27,1.83
2022-08-28,1.09
2022-08-29,1.18
2022-08-30,1.09
2022-08-31,1.18
2022-09-01,1.16
2022-09-02,1.29
2022-09-03,2.01
2022-09-04,2.56
2022-09-05,2.77
2022-09-06,2.54
2022-09-07,2.13
2022-09-08,0.81
2022-09-09,0.26
2022-09-10,-0.45
2022-09-11,-0.94
2022-09-12,-0.53
2022-09-13,0.6
2022-09-14,1.8
2022-09-15,0.29
2022-09-16,0.65
2022-09-17,1.2
2022-09-18,0.17
2022-09-19,0.53
2022-09-20,1.26
2022-09-21,1.55
2022-09-22,1.45
2022-09-23,0.59
2022-09-24,-0.16
2022-09-25,0.0
2022-09-26,-0.25
2022-09-27,-0.98
2022-09-28,-0.6
2022-09-29,-0.68
2022-09-30,-0.93
2022-10-01,-0.99
2022-10-02,-1.63
2022-10-03,-1.28
2022-10-04,-1.3
2022-10-05,-1.36
2022-10-06,-1.85
2022-10-07,-1.49
2022-10-08,-1.25
2022-10-09,-1.42
2022-10-10,-1.85
2022-10-11,-2.35
2022-10-12,-2.7
2022-10-13,-2.53
2022-10-14,-2.33
2022-10-15,-2.52
2022-10-16,-2.33
2022-10-17,-1.87
2022-10-18,-1.62
2022-10-19,-1.6
2022-10-20,-2.25
2022-10-21,-2.5
2022-10-22,-2.74
2022-10-23,-2.91
2022-10-24,-3.09
2022-10-25,-1.96
2022-10-26,0.93
2022-10-27,-0.59
2022-10-28,-0.51
2022-10-29,-0.42
2022-10-30,-0.26
2022-10-31,-0.46
2022-11-01,-0.47
2022-11-02,-0.47
2022-11-03,-1.07
2022-11-04,-1.67
2022-11-05,-1.18
2022-11-06,-0.8
2022-11-07,-0.24
2022-11-08,0.67
2022-11-09,2.38
2022-11-10,2.65
2022-11-11,2.14
2022-11-12,1.99
2022-11-13,1.76
2022-11-14,1.83
2022-11-15,2.1
2022-11-16,2.96
2022-11-17,2.31
2022-11-18,1.72
2022-11-19,1.56
2022-11-20,1.44
2022-11-21,1.32
2022-11-22,1.2
2022-11-23,1.05
2022-11-24,0.76
2022-11-25,0.27
2022-11-26,-0.2
2022-11-27,-0.09
2022-11-28,0.83
2022-11-29,0.33
2022-11-30,0.42
2022-12-01,1.04
2022-12-02,-0.0
2022-12-03,-0.4
2022-12-04,1.18
2022-12-05,0.07
2022-12-06,-0.59
2022-12-07,-0.32
2022-12-08,0.13
2022-12-09,-1.69
2022-12-10,-2.07
2022-12-11,-2.46
2022-12-12,-2.67
2022-12-13,-2.62
2022-12-14,-0.76
2022-12-15,1.22
2022-12-16,-0.22
2022-12-17,-0.75
2022-12-18,3.04
2022-12-19,2.48
2022-12-20,4.3
2022-12-21,3.52
2022-12-22,1.33
2022-12-23,-0.61
2022-12-25,-3.39
2022-12-26,-2.42
2022-12-27,-2.19
2022-12-28,-1.45
2022-12-29,-2.42
2022-12-30,-1.64
2022-12-31,-1.55
2023-01-01,-2.32
2023-01-02,-1.5
2023-01-03,1.38
2023-01-04,2.41
2023-01-05,1.91
2023-01-06,1.99
2023-01-07,2.34
2023-01-08,1.58
2023-01-09,3.63
2023-01-10,2.66
2023-01-11,2.61
2023-01-12,1.08
2023-01-13,1.66
2023-01-14,1.33
2023-01-15,0.36
2023-01-16,-0.15
2023-01-17,-0.63
2023-01-18,0.02
2023-01-19,0.65
2023-01-20,1.6
2023-01-21,1.89
2023-01-22,2.94
2023-01-23,2.29
2023-01-24,2.5
2023-01-25,2.8
2023-01-26,3.92
2023-01-27,2.95
2023-01-28,2.6
2023-01-29,1.63
2023-01-30,2.42
2023-01-31,-0.78
2023-02-01,-2.7
2023-02-02,-2.55
2023-02-03,-1.38
2023-02-04,-0.73
2023-02-05,-1.11
2023-02-06,-0.14
2023-02-07,-0.79
2023-02-08,-0.25
2023-02-09,1.37
2023-02-10,2.62
2023-02-11,4.31
2023-02-12,5.71
2023-02-13,6.29
2023-02-14,6.89
2023-02-15,7.94
2023-02-16,6.34
2023-02-17,6.03
2023-02-18,5.22
2023-02-19,5.2
2023-02-20,4.77
2023-02-21,4.94
2023-02-22,6.29
2023-02-23,8.26
2023-02-24,11.97
2023-02-25,11.99
2023-02-26,11.21
2023-02-27,9.01
2023-02-28,9.16
2023-03-01,9.83
2023-03-02,11.1
2023-03-03,13.09
2023-03-04,17.31
2023-03-05,19.11
2023-03-06,19.09
2023-03-07,18.73
2023-03-08,18.02
2023-03-09,16.88
2023-03-10,15.62
2023-03-11,14.95
2023-03-12,14.21
2023-03-13,13.54
2023-03-14,12.78
2023-03-15,12.37
2023-03-16,12.5
2023-03-17,12.61
2023-03-18,11.75
2023-03-19,11.36
2023-03-20,10.67
2023-03-21,10.37
2023-03-22,10.44
2023-03-23,10.76
2023-03-24,12.43
2023-03-25,13.59
2023-03-26,15.2
2023-03-27,17.94
2023-03-28,19.1
2023-03-29,20.49
2023-03-30,18.58
2023-03-31,16.09
2023-04-01,14.88
2023-04-02,13.69
2023-04-03,13.21
2023-04-04,13.31
2023-04-05,13.58
2023-04-06,14.05
2023-04-07,13.85
2023-04-08,14.1
2023-04-09,14.34
2023-04-10,14.48
2023-04-11,14.44
2023-04-12,14.77
2023-04-13,14.98
2023-04-14,15.56
2023-04-15,15.84
2023-04-17,15.7
2023-04-18,15.34
2023-04-19,15.21
2023-04-20,15.15
2023-04-21,15.18
2023-04-22,15.32
2023-04-23,15.3
2023-04-26,16.01
2023-04-27,16.67
2023-04-28,17.21
2023-04-29,17.48
2023-04-30,17.66
2023-05-01,17.99
2023-05-02,18.39
2023-05-03,18.84
2023-05-04,19.38
2023-05-05,19.47
2023-05-06,19.49
2023-05-07,19.48
2023-05-08,19.67
2023-05-09,20.0
2023-05-10,20.14
2023-05-11,20.2
2023-05-12,20.24
2023-05-13,20.15
2023-05-14,20.27
2023-05-15,20.55
2023-05-16,20.63
2023-05-17,20.23
2023-05-18,19.61
2023-05-19,19.11
2023-05-20,18.97
2023-05-21,18.67
2023-05-22,18.5
2023-05-23,17.99
2023-05-24,17.3
2023-05-25,16.51
2023-05-26,15.71
2023-05-27,14.74
2023-05-28,13.61
2023-05-29,12.56
2023-05-30,11.65
2023-05-31,11.02
2023-06-01,10.64
2023-06-02,10.42
2023-06-03,9.97
2023-06-04,9.69
2023-06-05,9.24
2023-06-06,8.86
2023-06-07,8.46
2023-06-08,7.75
2023-06-09,6.98
2023-06-10,4.95
2023-06-11,4.22
2023-06-12,4.98
2023-06-13,3.76
2023-06-14,3.14
2023-06-15,0.96
2023-06-16,2.45
2023-06-17,1.87
2023-06-18,1.19
2023-06-19,1.58
2023-06-20,1.23
2023-06-21,1.14
2023-06-22,0.82
2023-06-23,1.18
2023-06-24,1.12
2023-06-25,0.85
2023-06-26,0.54
2023-06-27,0.18
2023-06-28,-0.16
2023-06-29,-0.34
2023-06-30,-0.02
2023-07-01,0.34
2023-07-02,1.18
2023-07-03,3.13
2023-07-04,2.89
2023-07-05,2.08
2023-07-06,1.95
2023-07-07,2.23
2023-07-08,2.0
2023-07-09,2.07
2023-07-10,2.12
2023-07-11,2.49
2023-07-12,2.33
2023-07-13,1.63
2023-07-14,1.2
2023-07-15,1.72
2023-07-16,2.13
2023-07-17,1.76
2023-07-18,1.06
2023-07-19,2.1
2023-07-20,1.83
2023-07-21,1.75
2023-07-22,1.61
2023-07-23,1.49
2023-07-24,0.92
2023-07-25,0.41
2023-07-26,-0.72
2023-07-27,-1.38
2023-07-28,-1.39
2023-07-29,-1.7
2023-07-30,-0.85
2023-07-31,0.58
2023-08-01,0.96
2023-08-02,0.84
2023-08-03,1.69
2023-08-04,5.6
2023-08-05,8.91
2023-08-06,8.04
2023-08-07,9.07
2023-08-08,5.04
2023-08-09,5.79
2023-08-10,5.5
2023-08-11,3.57
2023-08-12,2.35
2023-08-13,2.01
2023-08-14,3.29
2023-08-15,3.02
2023-08-16,2.74
2023-08-17,6.22
2023-08-18,6.47
2023-08-19,4.41
2023-08-20,4.01
2023-08-21,2.36
2023-08-22,1.02
2023-08-23,0.27
2023-08-24,-0.22
2023-08-25,-0.63
2023-08-26,-1.08
2023-08-27,-0.94
2023-08-28,-1.02
2023-08-29,-1.15
2023-08-30,-1.83
2023-08-31,-2.32
2023-09-01,-2.73
2023-09-02,-2.62
2023-09-04,-2.81
2023-09-05,-2.92
2023-09-06,-2.9
2023-09-07,-3.1
2023-09-08,-3.29
2023-09-09,-3.28
2023-09-10,-3.6
2023-09-11,-3.56
2023-09-12,-3.43
2023-09-13,-3.43
2023-09-14,-3.49
2023-09-15,-3.43
2023-09-16,-3.45
2023-09-17,-3.47
2023-09-18,-3.2
2023-09-19,-3.43
2023-09-20,-3.11
2023-09-21,-1.91
2023-09-22,-2.19
2023-09-23,-2.23
2023-09-24,-2.34
2023-09-25,-2.15
2023-09-26,-1.8
2023-09-27,-1.33
2023-09-28,-1.38
2023-09-29,0.89
2023-09-30,0.54
2023-10-01,-0.44
2023-10-02,-0.85
2023-10-03,-1.08
2023-10-04,-1.1
2023-10-05,-1.04
2023-10-06,-0.7
2023-10-07,-0.41
2023-10-08,-1.3
2023-10-09,-1.56
2023-10-10,-1.95
2023-10-11,-1.92
2023-10-12,-1.59
2023-10-13,-0.91
2023-10-14,-0.74
2023-10-15,0.02
2023-10-16,0.39
2023-10-17,0.5
2023-10-18,0.44
2023-10-19,0.44
2023-10-20,0.94
2023-10-21,1.05
2023-10-22,1.04
2023-10-23,1.05
2023-10-24,0.38
2023-10-25,0.36
2023-10-26,-0.45
2023-10-27,-0.45
2023-10-28,1.05
2023-10-29,1.44
2023-10-30,3.18
2023-10-31,4.2
2023-11-01,4.15
2023-11-02,3.95
2023-11-03,3.79
2023-11-04,4.42
2023-11-05,5.01
2023-11-06,4.89
2023-11-07,3.24
2023-11-08,1.75
2023-11-09,1.55
2023-11-10,1.37
2023-11-11,0.01
2023-11-12,-1.43
2023-11-13,-1.13
2023-11-14,-0.87
2023-11-15,-1.21
2023-11-16,-1.3
2023-11-17,-1.04
2023-11-18,0.3
2023-11-19,-0.14
2023-11-20,-1.11
2023-11-21,-0.83
2023-11-22,-0.27
2023-11-23,-0.36
2023-11-24,-0.69
2023-11-25,-0.91
2023-11-26,-0.01
2023-11-27,-0.25
2023-11-28,-1.26
2023-11-29,-1.81
2023-11-30,-1.67
2023-12-01,-0.35
2023-12-02,-0.26
2023-12-03,-0.74
2023-12-04,-1.28
2023-12-05,-1.73
2023-12-06,-1.85
2023-12-07,-1.07
2023-12-08,-1.05
2023-12-09,-1.34
2023-12-10,-1.31
2023-12-11,-0.98
2023-12-12,-1.04
2023-12-13,-0.73
2023-12-14,-1.09
2023-12-15,-2.24
2023-12-16,-2.35
2023-12-17,-1.82
2023-12-18,-2.25
2023-12-19,-2.22
2023-12-20,-2.89
2023-12-21,-2.94
2023-12-22,-2.85
2023-12-23,-2.02
2023-12-24,-2.31
2023-12-25,-2.36
2023-12-26,-1.69
2023-12-27,-1.15
2023-12-28,-0.87
2023-12-29,0.53
2023-12-30,1.87
2023-12-31,3.06
2024-01-01,3.17
2024-01-02,3.03
2024-01-03,2.3
2024-01-04,2.83
2024-01-05,2.39
2024-01-06,1.52
2024-01-07,0.88
2024-01-08,1.03
2024-01-09,1.12
2024-01-10,1.68
2024-01-11,1.0
2024-01-12,0.96
2024-01-13,0.66
2024-01-14,0.74
2024-01-15,-2.54
2024-01-17,-1.57
2024-01-18,-0.51
2024-01-19,-1.11
2024-01-20,-1.9
2024-01-21,-2.19
2024-01-22,-1.88
2024-01-23,-1.51
2024-01-24,0.44
2024-01-25,2.69
2024-01-26,3.27
2024-01-27,5.61
2024-01-28,6.39
2024-01-29,8.42
2024-01-30,11.66
2024-01-31,11.22
2024-02-01,9.97
2024-02-02,9.46
2024-02-03,10.0
2024-02-04,10.41
2024-02-05,9.68
2024-02-06,9.49
2024-02-07,8.65
2024-02-08,8.72
2024-02-09,9.28
2024-02-10,9.38
2024-02-11,9.2
2024-02-12,8.84
2024-02-13,8.49
2024-02-14,7.2
2024-02-15,7.13
2024-02-16,6.72
2024-02-17,7.0
2024-02-18,6.64
2024-02-19,6.35
2024-02-20,4.77
2024-02-21,4.93
2024-02-22,4.84
2024-02-23,5.22
2024-02-24,3.78
2024-02-25,3.12
2024-02-26,2.92
2024-02-27,2.01
2024-02-28,1.37
2024-02-29,0.47
2024-03-01,1.02
2024-03-02,1.32
2024-03-03,1.35
2024-03-04,0.4
2024-03-05,-0.2
2024-03-06,0.66
2024-03-07,0.45
2024-03-08,0.91
2024-03-09,1.28
2024-03-10,1.83
2024-03-11,2.31
2024-03-12,2.34
2024-03-13,2.01
2024-03-14,2.15
2024-03-15,3.65
2024-03-16,7.31
2024-03-17,5.24
2024-03-18,4.95
2024-03-19,5.73
2024-03-20,5.08
2024-03-21,4.22
2024-03-22,3.52
2024-03-23,3.43
2024-03-24,2.06
2024-03-25,2.09
2024-03-26,3.33
2024-03-27,4.41
2024-03-28,5.05
2024-03-29,4.59
2024-03-30,5.06
2024-03-31,6.38
2024-04-01,6.45
2024-04-02,9.28
2024-04-03,14.32
2024-04-04,17.21
2024-04-05,16.35
2024-04-06,15.54
2024-04-07,15.37
2024-04-08,15.05
2024-04-09,13.65
2024-04-10,12.27
2024-04-11,12.15
2024-04-12,11.74
2024-04-13,11.09
2024-04-14,10.94
2024-04-15,10.79
2024-04-16,10.45
2024-04-17,10.53
2024-04-18,10.0
2024-04-19,10.94
2024-04-20,12.5
2024-04-21,12.5
2024-04-22,11.73
2024-04-23,11.87
2024-04-24,12.66
2024-04-25,12.24
2024-04-26,11.71
2024-04-27,12.36
2024-04-28,13.56
2024-04-29,16.13
2024-04-30,25.23
2024-05-01,28.89
2024-05-02,29.33
2024-05-03,28.65
2024-05-04,27.39
2024-05-05,26.85
2024-05-06,27.03
2024-05-07,26.96
2024-05-08,26.67
2024-05-09,26.84
2024-05-10,27.92
2024-05-11,28.27
2024-05-12,27.64
2024-05-13,26.3
2024-05-14,25.11
2024-05-15,25.64
2024-05-16,25.79
2024-05-17,26.02
2024-05-18,26.46
2024-05-19,25.82
2024-05-20,24.59
2024-05-21,23.41
2024-05-22,22.62
2024-05-23,21.63
2024-05-24,20.74
2024-05-25,21.08
2024-05-26,22.49
2024-05-27,24.51
2024-05-28,25.21
2024-05-29,24.54
2024-05-30,24.07
2024-05-31,23.85
2024-06-01,23.46
2024-06-02,23.17
2024-06-03,23.1
2024-06-04,23.2
2024-06-05,23.59
2024-06-06,23.8
2024-06-07,23.64
2024-06-08,23.07
2024-06-09,22.88
2024-06-10,22.39
2024-06-11,22.33
2024-06-12,22.68
2024-06-13,22.53
2024-06-14,22.26
2024-06-15,21.8
2024-06-16,20.38
2024-06-17,20.0
2024-06-18,19.49
2024-06-19,19.0
2024-06-20,18.51
2024-06-21,18.37
2024-06-22,18.54
2024-06-23,18.61
2024-06-24,19.25
2024-06-25,19.17
2024-06-26,18.72
2024-06-27,18.63
2024-06-28,18.45
2024-06-29,19.97
2024-06-30,22.0
2024-07-01,22.88
2024-07-02,22.79
2024-07-03,23.27
2024-07-04,27.37
2024-07-05,31.08
2024-07-06,32.23
2024-07-07,31.74
2024-07-08,31.31
2024-07-09,31.43
2024-07-10,32.18
2024-07-11,31.55
2024-07-12,30.21
2024-07-13,28.65
2024-07-14,27.31
2024-07-15,26.43
2024-07-16,26.04
2024-07-17,28.08
2024-07-18,27.65
2024-07-19,26.92
2024-07-20,26.07
2024-07-21,25.29
2024-07-22,24.63
2024-07-23,23.86
2024-07-24,23.17
2024-07-25,22.52
2024-07-26,21.8
2024-07-27,21.2
2024-07-28,20.53
2024-07-29,19.56
2024-07-30,18.88
2024-07-31,17.46
2024-08-01,16.74
2024-08-02,16.72
2024-08-03,17.23
2024-08-04,17.05
2024-08-05,14.93
2024-08-06,13.09
2024-08-07,11.49
2024-08-08,10.12
2024-08-09,10.33
2024-08-10,9.13
2024-08-11,8.86
2024-08-12,8.03
2024-08-13,8.94
2024-08-14,8.15
2024-08-15,7.96
2024-08-16,7.55
2024-08-17,7.98
2024-08-18,9.01
2024-08-19,9.55
2024-08-20,10.4
2024-08-21,10.65
2024-08-22,8.45
2024-08-23,6.7
2024-08-24,4.62
2024-08-25,5.99
2024-08-26,4.6
2024-08-27,3.72
2024-08-28,3.78
2024-08-29,3.02
2024-08-30,1.48
2024-08-31,3.38
2024-09-01,3.63
2024-09-02,3.79
2024-09-03,3.64
2024-09-04,3.59
2024-09-05,3.1
2024-09-06,2.49
2024-09-07,2.21
2024-09-08,2.46
2024-09-09,2.45
2024-09-10,2.68
2024-09-11,1.05
2024-09-12,1.19
2024-09-13,1.54
2024-09-14,1.16
2024-09-15,1.23
2024-09-16,1.34
2024-09-17,0.14
2024-09-18,-0.27
2024-09-19,-0.64
2024-09-20,-0.7
2024-09-21,-0.77
2024-09-22,-0.38
2024-09-23,0.59
2024-09-24,1.79
2024-09-25,2.66
2024-09-26,1.81
2024-09-27,1.49
2024-09-28,1.96
2024-09-29,1.26
2024-09-30,1.11
2024-10-01,0.5
2024-10-02,-0.54
2024-10-03,-0.88
2024-10-04,-1.5
2024-10-05,-1.24
2024-10-06,-1.36
2024-10-07,-1.27
2024-10-08,-1.46
2024-10-09,-1.43
2024-10-10,-1.3
2024-10-11,-1.53
2024-10-12,-2.56
2024-10-13,-2.8
2024-10-14,-2.76
2024-10-15,-2.64
2024-10-16,-2.34
2024-10-17,-1.7
2024-10-18,-1.51
2024-10-19,-1.74
2024-10-20,-2.11
2024-10-21,-2.11
2024-10-22,-2.25
2024-10-23,-2.5
2024-10-24,-2.33
2024-10-25,-1.98
2024-10-26,-1.74
2024-10-27,-1.42
2024-10-28,-1.71
2024-10-29,-1.68
2024-10-30,-1.55
2024-10-31,-2.08
2024-11-01,-1.41
2024-11-02,-0.95
2024-11-03,0.71
2024-11-04,0.59
2024-11-05,7.0
2024-11-06,13.92
2024-11-07,12.12
2024-11-08,10.37
2024-11-09,11.14
2024-11-10,12.93
2024-11-11,10.84
2024-11-12,6.91
2024-11-13,4.18
2024-11-14,3.51
2024-11-15,3.63
2024-11-16,3.16
2024-11-17,1.91
2024-11-18,2.21
2024-11-19,2.22
2024-11-20,2.75
2024-11-21,2.54
2024-11-22,3.5
2024-11-23,3.83
2024-11-24,3.39
2024-11-25,4.37
2024-11-26,4.74
2024-11-27,4.04
2024-11-28,3.89
2024-11-29,3.66
2024-11-30,3.46
2024-12-01,3.24
2024-12-02,2.62
2024-12-03,1.82
2024-12-04,0.41
2024-12-05,-0.47
2024-12-06,-0.95
2024-12-07,-1.44
2024-12-08,-2.54
2024-12-09,-2.33
2024-12-10,-1.34
2024-12-11,-0.47
2024-12-12,-0.11
2024-12-13,-0.63
2024-12-14,-1.17
2024-12-15,-1.08
2024-12-16,0.4
2024-12-17,2.44
2024-12-18,2.75
2024-12-19,2.82
2024-12-20,1.75
2024-12-21,1.46
2024-12-22,1.12
2024-12-23,0.26
2024-12-24,-0.21
2024-12-25,-1.26
2024-12-26,-1.15
2024-12-27,-1.12
2024-12-28,-0.7
2024-12-29,-0.28
2024-12-30,-0.41
2024-12-31,0.25
